{
  "profile": [
    0.4984821379184723,
    0.3198074996471405,
    0.346902459859848,
    0.38051697611808777,
    0.8912656307220459,
    0.4833715558052063,
    0.6186236143112183,
    0.6438798308372498,
    0.38327205181121826,
    0.5179653167724609,
    0.5039263367652893,
    1.0
  ],
  "dominant": [
    0,
    1,
    2,
    3,
    4,
    5,
    6,
    7,
    8,
    9,
    10,
    11
  ],
  "tonic": 11,
  "song_name": "antha vanatha pola",
  "emotion": "Sad",
  "sr": 22050
}