{
  "profile": [
    0.8469352722167969,
    0.4522068500518799,
    0.5648936033248901,
    0.4881512522697449,
    0.837792694568634,
    1.0,
    0.5863359570503235,
    0.9038119316101074,
    0.502692699432373,
    0.4592133164405823,
    0.39327743649482727,
    0.38709115982055664
  ],
  "dominant": [
    0,
    1,
    2,
    3,
    4,
    5,
    6,
    7,
    8,
    9,
    10,
    11
  ],
  "tonic": 5,
  "song_name": "dhimu dhimu ",
  "emotion": "Sad",
  "sr": 22050
}