{
  "profile": [
    0.8532893061637878,
    0.713510274887085,
    0.3561002314090729,
    0.2585331201553345,
    0.5251795053482056,
    0.9341310858726501,
    0.5600440502166748,
    0.37893882393836975,
    0.40310442447662354,
    0.5855621099472046,
    1.0,
    0.6147027611732483
  ],
  "dominant": [
    0,
    1,
    2,
    3,
    4,
    5,
    6,
    7,
    8,
    9,
    10,
    11
  ],
  "tonic": 10,
  "song_name": "idhayame idhayame",
  "emotion": "Sad",
  "sr": 22050
}