{
  "profile": [
    0.6481066942214966,
    0.23566487431526184,
    0.46332988142967224,
    0.23737739026546478,
    0.7080307602882385,
    0.26940441131591797,
    0.2821337580680847,
    0.5754378437995911,
    0.3586759567260742,
    1.0,
    0.26106223464012146,
    0.5333052277565002
  ],
  "dominant": [
    0,
    1,
    2,
    3,
    4,
    5,
    6,
    7,
    8,
    9,
    10,
    11
  ],
  "tonic": 9,
  "song_name": "kannave kanave ",
  "emotion": "Sad",
  "sr": 22050
}