{
  "profile": [
    0.7172510027885437,
    0.359353244304657,
    0.33498042821884155,
    0.5769943594932556,
    0.3142985701560974,
    1.0,
    0.5199397802352905,
    0.6115886569023132,
    0.6327926516532898,
    0.3148140609264374,
    0.6469054818153381,
    0.29759517312049866
  ],
  "dominant": [
    0,
    1,
    2,
    3,
    4,
    5,
    6,
    7,
    8,
    9,
    10,
    11
  ],
  "tonic": 5,
  "song_name": "manippaya",
  "emotion": "Sad",
  "sr": 22050
}