{
  "profile": [
    0.7496285438537598,
    0.5257954001426697,
    0.7482246160507202,
    0.656501293182373,
    0.9464263916015625,
    0.6868693232536316,
    0.6505861282348633,
    0.9747217297554016,
    0.6887578368186951,
    1.0,
    0.5495864152908325,
    0.6985219120979309
  ],
  "dominant": [
    0,
    1,
    2,
    3,
    4,
    5,
    6,
    7,
    8,
    9,
    10,
    11
  ],
  "tonic": 9,
  "song_name": "po nee po ",
  "emotion": "Sad",
  "sr": 22050
}