{
  "profile": [
    0.9248947501182556,
    0.886815071105957,
    1.0,
    0.7784292697906494,
    0.9691563844680786,
    0.817846417427063,
    0.7808988690376282,
    0.8387128114700317,
    0.8292104005813599,
    0.9896388053894043,
    0.7675431966781616,
    0.8254044651985168
  ],
  "dominant": [
    0,
    1,
    2,
    3,
    4,
    5,
    6,
    7,
    8,
    9,
    10,
    11
  ],
  "tonic": 2,
  "song_name": "thee illai ",
  "emotion": "Sad",
  "sr": 22050
}