{
  "profile": [
    0.12353775650262833,
    0.1723380833864212,
    0.20264914631843567,
    1.0,
    0.23331230878829956,
    0.10584789514541626,
    0.0635485053062439,
    0.14562951028347015,
    0.29896432161331177,
    0.08801598846912384,
    0.29204726219177246,
    0.08441054821014404
  ],
  "dominant": [
    3,
    8,
    10
  ],
  "tonic": 3,
  "song_name": "vidukathaiya intha valkai",
  "emotion": "Sad",
  "sr": 22050
}