{
  "profile": [
    0.6250948905944824,
    0.4189979135990143,
    0.5660094022750854,
    0.5154187679290771,
    1.0,
    0.6646194458007812,
    0.5496030449867249,
    0.7991489171981812,
    0.5386054515838623,
    0.44406530261039734,
    0.41545116901397705,
    0.7482123970985413
  ],
  "dominant": [
    0,
    1,
    2,
    3,
    4,
    5,
    6,
    7,
    8,
    9,
    10,
    11
  ],
  "tonic": 4,
  "song_name": "muthu",
  "emotion": "Happy",
  "sr": 22050
}