{
  "profile": [
    0.7834908962249756,
    0.7137932777404785,
    1.0,
    0.806255578994751,
    0.8570626378059387,
    0.717205822467804,
    0.5981797575950623,
    0.9048217535018921,
    0.8040918111801147,
    0.8336215019226074,
    0.6464592218399048,
    0.5868090391159058
  ],
  "dominant": [
    0,
    1,
    2,
    3,
    4,
    5,
    6,
    7,
    8,
    9,
    10,
    11
  ],
  "tonic": 2,
  "song_name": "vennilave",
  "emotion": "Happy",
  "sr": 22050
}