f0_mean,f0_std,f0_min,f0_max,mfcc1_mean,mfcc1_std,mfcc2_mean,mfcc2_std,mfcc3_mean,mfcc3_std,mfcc4_mean,mfcc4_std,mfcc5_mean,mfcc5_std,mfcc6_mean,mfcc6_std,mfcc7_mean,mfcc7_std,mfcc8_mean,mfcc8_std,mfcc9_mean,mfcc9_std,mfcc10_mean,mfcc10_std,mfcc11_mean,mfcc11_std,mfcc12_mean,mfcc12_std,mfcc13_mean,mfcc13_std,centroid_mean,bandwidth_mean,rolloff_mean,flatness_mean,rms_mean,rms_std,zcr_mean,hnr
309.06605428423535,29.471238702006712,232.6717142750602,393.5724313312346,-262.75787,146.08144,60.75597,34.147976,-60.47698,34.64239,-34.20447,16.318039,-11.529561,16.667234,-38.32171,17.089012,-8.086444,13.579832,-0.17564835,13.163038,-35.215694,17.383726,6.945846,11.860248,12.6801195,11.861348,-2.5735388,9.664253,-18.806934,11.905327,2383.004979579845,2105.0682833702444,4153.262512614839,0.010461602,0.09237861,0.08226818,0.1463691014755011,10.306005602015956
